[
    {
        "name": "Chennai",
        "code": "CHEN",
        "slug": "chennai"
    },
    {
        "name": "Bengaluru",
        "code": "BANG",
        "slug": "bengaluru"
    },
    {
        "name": "Hyderabad",
        "code": "HYD",
        "slug": "hyderabad"
    },
    {
        "name": "Mumbai",
        "code": "MUMBAI",
        "slug": "mumbai"
    },
    {
        "name": "Delhi-NCR",
        "code": "NCR",
        "slug": "national-capital-region-ncr"
    },
    {
        "name": "Kochi",
        "code": "KOCHI",
        "slug": "kochi"
    },
    {
        "name": "Pune",
        "code": "PUNE",
        "slug": "pune"
    },
    {
        "name": "Kolkata",
        "code": "KOLK",
        "slug": "kolkata"
    }
]